name,type,level,parent,path,ext,top_level,size_bytes,fortran_lines
Mod_Package_Equation.f90,file,1,grid,/root/wsl/fortran/c_grid/hujiu_yamaken-solver/Code/grid/Mod_Package_Equation.f90,f90,Mod_Package_Equation.f90,48510,1285
Droplet_Trajectory_NACA.f90,file,1,grid,/root/wsl/fortran/c_grid/hujiu_yamaken-solver/Code/grid/Droplet_Trajectory_NACA.f90,f90,Droplet_Trajectory_NACA.f90,75693,1484
Mod_Package_Droplet.f90,file,1,grid,/root/wsl/fortran/c_grid/hujiu_yamaken-solver/Code/grid/Mod_Package_Droplet.f90,f90,Mod_Package_Droplet.f90,82694,1534
Flow_Field_NACA.f90,file,1,grid,/root/wsl/fortran/c_grid/hujiu_yamaken-solver/Code/grid/Flow_Field_NACA.f90,f90,Flow_Field_NACA.f90,89727,1537
Mod_Package_Flow.f90,file,1,grid,/root/wsl/fortran/c_grid/hujiu_yamaken-solver/Code/grid/Mod_Package_Flow.f90,f90,Mod_Package_Flow.f90,917882,20323
Mod_Package_FileIO.f90,file,1,grid,/root/wsl/fortran/c_grid/hujiu_yamaken-solver/Code/grid/Mod_Package_FileIO.f90,f90,Mod_Package_FileIO.f90,122679,2262
Mod_Package_NACA.f90,file,1,grid,/root/wsl/fortran/c_grid/hujiu_yamaken-solver/Code/grid/Mod_Package_NACA.f90,f90,Mod_Package_NACA.f90,31436,581
Grid_Generation_NACA.f90,file,1,grid,/root/wsl/fortran/c_grid/hujiu_yamaken-solver/Code/grid/Grid_Generation_NACA.f90,f90,Grid_Generation_NACA.f90,71325,1275
Mod_Package_Grid.f90,file,1,grid,/root/wsl/fortran/c_grid/hujiu_yamaken-solver/Code/grid/Mod_Package_Grid.f90,f90,Mod_Package_Grid.f90,89374,2077
