extension,count,paths
.f90,20,"solver/├─ mod/├─ Droplet_Trajectory_NACA.f90
solver/├─ mod/├─ Flow_Field_NACA.f90
solver/├─ mod/├─ Grid_Generation_NACA.f90
solver/├─ mod/├─ Ice_Accretion_NACA.f90
solver/├─ mod/├─ Initial_Flow_NACA.f90
solver/├─ mod/├─ Mod_Package_Droplet.f90
solver/├─ mod/├─ Mod_Package_Equation.f90
solver/├─ mod/├─ Mod_Package_FileIO.f90
solver/├─ mod/├─ Mod_Package_Flow.f90
solver/├─ mod/├─ Mod_Package_Grid.f90
solver/├─ mod/├─ Mod_Package_Icing.f90
solver/├─ mod/├─ Mod_Package_NACA.f90
solver/├─ mod/├─ Mod_Package_Validation.f90
solver/├─ mod/├─ Mod_Package_ViewFlow.f90
solver/├─ mod/├─ mt95.f90
solver/├─ mod/├─ Overset_Interpolation_NACA.f90
solver/├─ mod/├─ Remesh_NACA.f90
solver/├─ mod/├─ Validation_NACA.f90
solver/├─ mod/├─ View_Flow_NACA.f90
solver/├─ mod/├─ View_Icing_NACA.f90"
.o,18,"solver/├─ mod/├─ Droplet_Trajectory_NACA.o
solver/├─ mod/├─ Flow_Field_NACA.o
solver/├─ mod/├─ Grid_Generation_NACA.o
solver/├─ mod/├─ Ice_Accretion_NACA.o
solver/├─ mod/├─ Initial_Flow_NACA.o
solver/├─ mod/├─ Mod_Package_Droplet.o
solver/├─ mod/├─ Mod_Package_Equation.o
solver/├─ mod/├─ Mod_Package_FileIO.o
solver/├─ mod/├─ Mod_Package_Flow.o
solver/├─ mod/├─ Mod_Package_Grid.o
solver/├─ mod/├─ Mod_Package_Icing.o
solver/├─ mod/├─ Mod_Package_NACA.o
solver/├─ mod/├─ Mod_Package_ViewFlow.o
solver/├─ mod/├─ mt95.o
solver/├─ mod/├─ Overset_Interpolation_NACA.o
solver/├─ mod/├─ Remesh_NACA.o
solver/├─ mod/├─ Validation_NACA.o
solver/├─ mod/├─ View_Flow_NACA.o"
.mod,13,"solver/├─ mod/│  └─ package_viewflow.mod
solver/├─ mod/│  ├─ mt95.mod
solver/├─ mod/│  ├─ package_droplet.mod
solver/├─ mod/│  ├─ package_equation.mod
solver/├─ mod/│  ├─ package_flow.mod
solver/├─ mod/│  ├─ package_grid.mod
solver/├─ mod/│  ├─ package_naca.mod
solver/├─ mod/├─ mt95.mod
solver/├─ mod/├─ package_equation.mod
solver/├─ mod/├─ package_fileio.mod
solver/├─ mod/├─ package_flow.mod
solver/├─ mod/├─ package_icing.mod
solver/├─ mod/├─ package_naca.mod"
.exe,9,"solver/├─ mod/└─ ViewFlow.exe
solver/├─ mod/├─ Droplet.exe
solver/├─ mod/├─ Flow.exe
solver/├─ mod/├─ Grid.exe
solver/├─ mod/├─ Icing.exe
solver/├─ mod/├─ IniFlow.exe
solver/├─ mod/├─ Overset.exe
solver/├─ mod/├─ Remesh.exe
solver/├─ mod/├─ Validation.exe"
.bak,1,solver/├─ mod/├─ Mod_Package_Flow.f90.bak
.sh,1,solver/├─ mod/├─ Run_All.sh
.txt,1,solver/├─ mod/├─ Input_ExpCondition06.txt
[noext],1,solver/├─ mod/├─ Makefile
